,mean_auc,std_auc,all_scores
Logistic Regression,0.8830766274633601,0.005369887992086059,"[0.8865485923350929, 0.8869348418522811, 0.8744792009334437, 0.8883210767365451, 0.8790994254594376]"
Random Forest,0.8920800567145776,0.004385048476698837,"[0.8952150658770011, 0.895215065877001, 0.8846823645989562, 0.8958938946169887, 0.8893938926029413]"
Gradient Boosting,0.8975730742363417,0.005200564241185523,"[0.8969156366679543, 0.9026154993347926, 0.8882378294477886, 0.9022811099817527, 0.8978152957494203]"
XGBoost,0.8941155359108862,0.005668274981045868,"[0.8926159285009228, 0.900352989142097, 0.8842124202269428, 0.8987081900562455, 0.894688151628223]"
LightGBM,0.89402884453907,0.004740758722679373,"[0.8917602785288185, 0.89868862924338, 0.8863244845045914, 0.8991391961802921, 0.8942316342382672]"
