,accuracy,precision,recall,f1_score,roc_auc
Logistic Regression,0.7975,0.7750533049040512,0.7893593919652552,0.7821409359870898,0.8798883834008044
Random Forest,0.8015,0.7879120879120879,0.7785016286644951,0.7831785909339158,0.885962290655984
Gradient Boosting,0.798,0.7907761529808774,0.7633007600434311,0.7767955801104972,0.8865539834104649
XGBoost,0.7765,0.7068062827225131,0.8794788273615635,0.783744557329463,0.8830189210865007
LightGBM,0.8005,0.7926008968609866,0.7676438653637351,0.7799227799227799,0.8839638181893195
